Category,Cargo,Figures,Month
Imports / Million Tons,Bulk Cargo,0.299,7/1/2020
Imports / Million Tons,General Cargo,1.315,7/1/2020
Imports / Million Tons,Total Dry Cargo,1.614,7/1/2020
Imports / Million Tons,Total Liquid Cargo,1.113,7/1/2020
Imports / Million Tons,Total Cargo,2.727,7/1/2020
Exports / Million Tons,Bulk Cargo,0.606,7/1/2020
Exports / Million Tons,General Cargo,0.738,7/1/2020
Exports / Million Tons,Total Dry Cargo,1.344,7/1/2020
Exports / Million Tons,Total Liquid Cargo,0.08,7/1/2020
Exports / Million Tons,Total Cargo,1.424,7/1/2020
Total Imports & Exports / Million Tons,Bulk Cargo,0.905,7/1/2020
Total Imports & Exports / Million Tons,General Cargo,2.053,7/1/2020
Total Imports & Exports / Million Tons,Total Dry Cargo,2.958,7/1/2020
Total Imports & Exports / Million Tons,Total Liquid Cargo,1.193,7/1/2020
Total Imports & Exports / Million Tons,Total Cargo,4.151,7/1/2020
Total TEU(s) in Millions,Imports,0.085,7/1/2020
Total TEU(s) in Millions,Exports,0.078,7/1/2020
Imports / Million Tons,Bulk Cargo,0.225,8/1/2020
Imports / Million Tons,General Cargo,1.244,8/1/2020
Imports / Million Tons,Total Dry Cargo,1.468,8/1/2020
Imports / Million Tons,Total Liquid Cargo,0.952,8/1/2020
Imports / Million Tons,Total Cargo,2.42,8/1/2020
Exports / Million Tons,Bulk Cargo,0.293,8/1/2020
Exports / Million Tons,General Cargo,0.515,8/1/2020
Exports / Million Tons,Total Dry Cargo,0.808,8/1/2020
Exports / Million Tons,Total Liquid Cargo,0.056,8/1/2020
Exports / Million Tons,Total Cargo,0.864,8/1/2020
Total Imports & Exports / Million Tons,Bulk Cargo,0.518,8/1/2020
Total Imports & Exports / Million Tons,General Cargo,1.759,8/1/2020
Total Imports & Exports / Million Tons,Total Dry Cargo,2.276,8/1/2020
Total Imports & Exports / Million Tons,Total Liquid Cargo,1.008,8/1/2020
Total Imports & Exports / Million Tons,Total Cargo,3.284,8/1/2020
Total TEU(s) in Millions,Imports,0.081,8/1/2020
Total TEU(s) in Millions,Exports,0.064,8/1/2020
Imports / Million Tons,Bulk Cargo,0.632,9/1/2020
Imports / Million Tons,General Cargo,1.421,9/1/2020
Imports / Million Tons,Total Dry Cargo,2.053,9/1/2020
Imports / Million Tons,Total Liquid Cargo,0.909,9/1/2020
Imports / Million Tons,Total Cargo,2.962,9/1/2020
Exports / Million Tons,Bulk Cargo,0.527,9/1/2020
Exports / Million Tons,General Cargo,0.751,9/1/2020
Exports / Million Tons,Total Dry Cargo,1.277,9/1/2020
Exports / Million Tons,Total Liquid Cargo,0.078,9/1/2020
Exports / Million Tons,Total Cargo,1.355,9/1/2020
Total Imports & Exports / Million Tons,Bulk Cargo,1.158,9/1/2020
Total Imports & Exports / Million Tons,General Cargo,2.172,9/1/2020
Total Imports & Exports / Million Tons,Total Dry Cargo,3.33,9/1/2020
Total Imports & Exports / Million Tons,Total Liquid Cargo,0.987,9/1/2020
Total Imports & Exports / Million Tons,Total Cargo,4.317,9/1/2020
Total TEU(s) in Millions,Imports,0.089,9/1/2020
Total TEU(s) in Millions,Exports,0.089,9/1/2020
Imports / Million Tons,Bulk Cargo,0.427,10/1/2020
Imports / Million Tons,General Cargo,1.491,10/1/2020
Imports / Million Tons,Total Dry Cargo,1.918,10/1/2020
Imports / Million Tons,Total Liquid Cargo,0.974,10/1/2020
Imports / Million Tons,Total Cargo,2.893,10/1/2020
Exports / Million Tons,Bulk Cargo,0.42,10/1/2020
Exports / Million Tons,General Cargo,0.82,10/1/2020
Exports / Million Tons,Total Dry Cargo,1.24,10/1/2020
Exports / Million Tons,Total Liquid Cargo,0.081,10/1/2020
Exports / Million Tons,Total Cargo,1.321,10/1/2020
Total Imports & Exports / Million Tons,Bulk Cargo,0.847,10/1/2020
Total Imports & Exports / Million Tons,General Cargo,2.311,10/1/2020
Total Imports & Exports / Million Tons,Total Dry Cargo,3.158,10/1/2020
Total Imports & Exports / Million Tons,Total Liquid Cargo,1.055,10/1/2020
Total Imports & Exports / Million Tons,Total Cargo,4.213,10/1/2020
Total TEU(s) in Millions,Imports,0.089,10/1/2020
Total TEU(s) in Millions,Exports,0.095,10/1/2020
Imports / Million Tons,Bulk Cargo,0.755,11/1/2020
Imports / Million Tons,General Cargo,1.564,11/1/2020
Imports / Million Tons,Total Dry Cargo,2.319,11/1/2020
Imports / Million Tons,Total Liquid Cargo,0.802,11/1/2020
Imports / Million Tons,Total Cargo,3.121,11/1/2020
Exports / Million Tons,Bulk Cargo,0.378,11/1/2020
Exports / Million Tons,General Cargo,0.951,11/1/2020
Exports / Million Tons,Total Dry Cargo,1.329,11/1/2020
Exports / Million Tons,Total Liquid Cargo,0.065,11/1/2020
Exports / Million Tons,Total Cargo,1.394,11/1/2020
Total Imports & Exports / Million Tons,Bulk Cargo,1.132,11/1/2020
Total Imports & Exports / Million Tons,General Cargo,2.515,11/1/2020
Total Imports & Exports / Million Tons,Total Dry Cargo,3.648,11/1/2020
Total Imports & Exports / Million Tons,Total Liquid Cargo,0.867,11/1/2020
Total Imports & Exports / Million Tons,Total Cargo,4.515,11/1/2020
Total TEU(s) in Millions,Imports,0.1,11/1/2020
Total TEU(s) in Millions,Exports,0.101,11/1/2020
Imports / Million Tons,Bulk Cargo,0.988,12/1/2020
Imports / Million Tons,General Cargo,1.554,12/1/2020
Imports / Million Tons,Total Dry Cargo,2.542,12/1/2020
Imports / Million Tons,Total Liquid Cargo,1.177,12/1/2020
Imports / Million Tons,Total Cargo,3.719,12/1/2020
Exports / Million Tons,Bulk Cargo,0.398,12/1/2020
Exports / Million Tons,General Cargo,1.024,12/1/2020
Exports / Million Tons,Total Dry Cargo,1.423,12/1/2020
Exports / Million Tons,Total Liquid Cargo,0.085,12/1/2020
Exports / Million Tons,Total Cargo,1.508,12/1/2020
Total Imports & Exports / Million Tons,Bulk Cargo,1.387,12/1/2020
Total Imports & Exports / Million Tons,General Cargo,2.579,12/1/2020
Total Imports & Exports / Million Tons,Total Dry Cargo,3.965,12/1/2020
Total Imports & Exports / Million Tons,Total Liquid Cargo,1.262,12/1/2020
Total Imports & Exports / Million Tons,Total Cargo,5.227,12/1/2020
Total TEU(s) in Millions,Imports,0.106,12/1/2020
Total TEU(s) in Millions,Exports,0.1,12/1/2020
Imports / Million Tons,Bulk Cargo,0.839,1/1/2021
Imports / Million Tons,General Cargo,1.593,1/1/2021
Imports / Million Tons,Total Dry Cargo,2.432,1/1/2021
Imports / Million Tons,Total Liquid Cargo,0.93,1/1/2021
Imports / Million Tons,Total Cargo,3.362,1/1/2021
Exports / Million Tons,Bulk Cargo,0.294,1/1/2021
Exports / Million Tons,General Cargo,0.909,1/1/2021
Exports / Million Tons,Total Dry Cargo,1.203,1/1/2021
Exports / Million Tons,Total Liquid Cargo,0.119,1/1/2021
Exports / Million Tons,Total Cargo,1.322,1/1/2021
Total Imports & Exports / Million Tons,Bulk Cargo,1.132,1/1/2021
Total Imports & Exports / Million Tons,General Cargo,2.502,1/1/2021
Total Imports & Exports / Million Tons,Total Dry Cargo,3.635,1/1/2021
Total Imports & Exports / Million Tons,Total Liquid Cargo,1.049,1/1/2021
Total Imports & Exports / Million Tons,Total Cargo,4.684,1/1/2021
Total TEU(s) in Millions,Imports,0.104,1/1/2021
Total TEU(s) in Millions,Exports,0.11,1/1/2021
Imports / Million Tons,Bulk Cargo,0.582,2/1/2021
Imports / Million Tons,General Cargo,1.459,2/1/2021
Imports / Million Tons,Total Dry Cargo,2.041,2/1/2021
Imports / Million Tons,Total Liquid Cargo,0.919,2/1/2021
Imports / Million Tons,Total Cargo,2.959,2/1/2021
Exports / Million Tons,Bulk Cargo,0.32,2/1/2021
Exports / Million Tons,General Cargo,0.888,2/1/2021
Exports / Million Tons,Total Dry Cargo,1.208,2/1/2021
Exports / Million Tons,Total Liquid Cargo,0.067,2/1/2021
Exports / Million Tons,Total Cargo,1.275,2/1/2021
Total Imports & Exports / Million Tons,Bulk Cargo,0.902,2/1/2021
Total Imports & Exports / Million Tons,General Cargo,2.347,2/1/2021
Total Imports & Exports / Million Tons,Total Dry Cargo,3.249,2/1/2021
Total Imports & Exports / Million Tons,Total Liquid Cargo,0.985,2/1/2021
Total Imports & Exports / Million Tons,Total Cargo,4.235,2/1/2021
Total TEU(s) in Millions,Imports,0.096,2/1/2021
Total TEU(s) in Millions,Exports,0.096,2/1/2021
Imports / Million Tons,Bulk Cargo,0.584,3/1/2021
Imports / Million Tons,General Cargo,1.783,3/1/2021
Imports / Million Tons,Total Dry Cargo,2.367,3/1/2021
Imports / Million Tons,Total Liquid Cargo,1.023,3/1/2021
Imports / Million Tons,Total Cargo,3.39,3/1/2021
Exports / Million Tons,Bulk Cargo,0.357,3/1/2021
Exports / Million Tons,General Cargo,0.97,3/1/2021
Exports / Million Tons,Total Dry Cargo,1.327,3/1/2021
Exports / Million Tons,Total Liquid Cargo,0.12,3/1/2021
Exports / Million Tons,Total Cargo,1.447,3/1/2021
Total Imports & Exports / Million Tons,Bulk Cargo,0.941,3/1/2021
Total Imports & Exports / Million Tons,General Cargo,2.753,3/1/2021
Total Imports & Exports / Million Tons,Total Dry Cargo,3.694,3/1/2021
Total Imports & Exports / Million Tons,Total Liquid Cargo,1.144,3/1/2021
Total Imports & Exports / Million Tons,Total Cargo,4.837,3/1/2021
Total TEU(s) in Millions,Imports,0.103,3/1/2021
Total TEU(s) in Millions,Exports,0.112,3/1/2021
Imports / Million Tons,Bulk Cargo,0.414,4/1/2021
Imports / Million Tons,General Cargo,1.644,4/1/2021
Imports / Million Tons,Total Dry Cargo,2.058,4/1/2021
Imports / Million Tons,Total Liquid Cargo,0.933,4/1/2021
Imports / Million Tons,Total Cargo,2.991,4/1/2021
Exports / Million Tons,Bulk Cargo,0.621,4/1/2021
Exports / Million Tons,General Cargo,0.816,4/1/2021
Exports / Million Tons,Total Dry Cargo,1.437,4/1/2021
Exports / Million Tons,Total Liquid Cargo,0.064,4/1/2021
Exports / Million Tons,Total Cargo,1.501,4/1/2021
Total Imports & Exports / Million Tons,Bulk Cargo,1.035,4/1/2021
Total Imports & Exports / Million Tons,General Cargo,2.46,4/1/2021
Total Imports & Exports / Million Tons,Total Dry Cargo,3.495,4/1/2021
Total Imports & Exports / Million Tons,Total Liquid Cargo,0.997,4/1/2021
Total Imports & Exports / Million Tons,Total Cargo,4.492,4/1/2021
Total TEU(s) in Millions,Imports,0.099,4/1/2021
Total TEU(s) in Millions,Exports,0.096,4/1/2021
Imports / Million Tons,Bulk Cargo,0.216,5/1/2021
Imports / Million Tons,General Cargo,1.565,5/1/2021
Imports / Million Tons,Total Dry Cargo,1.781,5/1/2021
Imports / Million Tons,Total Liquid Cargo,1.028,5/1/2021
Imports / Million Tons,Total Cargo,2.809,5/1/2021
Exports / Million Tons,Bulk Cargo,0.413,5/1/2021
Exports / Million Tons,General Cargo,0.698,5/1/2021
Exports / Million Tons,Total Dry Cargo,1.111,5/1/2021
Exports / Million Tons,Total Liquid Cargo,0.1,5/1/2021
Exports / Million Tons,Total Cargo,1.211,5/1/2021
Total Imports & Exports / Million Tons,Bulk Cargo,0.629,5/1/2021
Total Imports & Exports / Million Tons,General Cargo,2.263,5/1/2021
Total Imports & Exports / Million Tons,Total Dry Cargo,2.892,5/1/2021
Total Imports & Exports / Million Tons,Total Liquid Cargo,1.129,5/1/2021
Total Imports & Exports / Million Tons,Total Cargo,4.021,5/1/2021
Total TEU(s) in Millions,Imports,0.102,5/1/2021
Total TEU(s) in Millions,Exports,0.101,5/1/2021
Imports / Million Tons,Bulk Cargo,0.542,6/1/2021
Imports / Million Tons,General Cargo,1.543,6/1/2021
Imports / Million Tons,Total Dry Cargo,2.085,6/1/2021
Imports / Million Tons,Total Liquid Cargo,1.039,6/1/2021
Imports / Million Tons,Total Cargo,3.124,6/1/2021
Exports / Million Tons,Bulk Cargo,0.245,6/1/2021
Exports / Million Tons,General Cargo,0.862,6/1/2021
Exports / Million Tons,Total Dry Cargo,1.107,6/1/2021
Exports / Million Tons,Total Liquid Cargo,0.112,6/1/2021
Exports / Million Tons,Total Cargo,1.219,6/1/2021
Total Imports & Exports / Million Tons,Bulk Cargo,0.787,6/1/2021
Total Imports & Exports / Million Tons,General Cargo,2.406,6/1/2021
Total Imports & Exports / Million Tons,Total Dry Cargo,3.192,6/1/2021
Total Imports & Exports / Million Tons,Total Liquid Cargo,1.151,6/1/2021
Total Imports & Exports / Million Tons,Total Cargo,4.343,6/1/2021
Total TEU(s) in Millions,Imports,0.101,6/1/2021
Total TEU(s) in Millions,Exports,0.099,6/1/2021
Imports / Million Tons,Bulk Cargo,0.37,7/1/2021
Imports / Million Tons,General Cargo,1.525,7/1/2021
Imports / Million Tons,Total Dry Cargo,1.895,7/1/2021
Imports / Million Tons,Total Liquid Cargo,1.063,7/1/2021
Imports / Million Tons,Total Cargo,2.958,7/1/2021
Exports / Million Tons,Bulk Cargo,0.132,7/1/2021
Exports / Million Tons,General Cargo,0.807,7/1/2021
Exports / Million Tons,Total Dry Cargo,0.939,7/1/2021
Exports / Million Tons,Total Liquid Cargo,0.125,7/1/2021
Exports / Million Tons,Total Cargo,1.064,7/1/2021
Total Imports & Exports / Million Tons,Bulk Cargo,0.501,7/1/2021
Total Imports & Exports / Million Tons,General Cargo,2.332,7/1/2021
Total Imports & Exports / Million Tons,Total Dry Cargo,2.834,7/1/2021
Total Imports & Exports / Million Tons,Total Liquid Cargo,1.188,7/1/2021
Total Imports & Exports / Million Tons,Total Cargo,4.022,7/1/2021
Total TEU(s) in Millions,Imports,0.102,7/1/2021
Total TEU(s) in Millions,Exports,0.102,7/1/2021
Imports / Million Tons,Bulk Cargo,0.38,8/1/2021
Imports / Million Tons,General Cargo,1.423,8/1/2021
Imports / Million Tons,Total Dry Cargo,1.803,8/1/2021
Imports / Million Tons,Total Liquid Cargo,1.314,8/1/2021
Imports / Million Tons,Total Cargo,3.117,8/1/2021
Exports / Million Tons,Bulk Cargo,0.267,8/1/2021
Exports / Million Tons,General Cargo,0.832,8/1/2021
Exports / Million Tons,Total Dry Cargo,1.1,8/1/2021
Exports / Million Tons,Total Liquid Cargo,0.118,8/1/2021
Exports / Million Tons,Total Cargo,1.218,8/1/2021
Total Imports & Exports / Million Tons,Bulk Cargo,0.648,8/1/2021
Total Imports & Exports / Million Tons,General Cargo,2.255,8/1/2021
Total Imports & Exports / Million Tons,Total Dry Cargo,2.903,8/1/2021
Total Imports & Exports / Million Tons,Total Liquid Cargo,1.433,8/1/2021
Total Imports & Exports / Million Tons,Total Cargo,4.336,8/1/2021
Total TEU(s) in Millions,Imports,0.092,8/1/2021
Total TEU(s) in Millions,Exports,0.097,8/1/2021
Imports / Million Tons,Bulk Cargo,0.384,9/1/2021
Imports / Million Tons,General Cargo,1.416,9/1/2021
Imports / Million Tons,Total Dry Cargo,1.8,9/1/2021
Imports / Million Tons,Total Liquid Cargo,1.382,9/1/2021
Imports / Million Tons,Total Cargo,3.182,9/1/2021
Exports / Million Tons,Bulk Cargo,0.269,9/1/2021
Exports / Million Tons,General Cargo,0.878,9/1/2021
Exports / Million Tons,Total Dry Cargo,1.147,9/1/2021
Exports / Million Tons,Total Liquid Cargo,0.1,9/1/2021
Exports / Million Tons,Total Cargo,1.247,9/1/2021
Total Imports & Exports / Million Tons,Bulk Cargo,0.652,9/1/2021
Total Imports & Exports / Million Tons,General Cargo,2.295,9/1/2021
Total Imports & Exports / Million Tons,Total Dry Cargo,2.947,9/1/2021
Total Imports & Exports / Million Tons,Total Liquid Cargo,1.482,9/1/2021
Total Imports & Exports / Million Tons,Total Cargo,4.429,9/1/2021
Total TEU(s) in Millions,Imports,0.088,9/1/2021
Total TEU(s) in Millions,Exports,0.096,9/1/2021
Imports / Million Tons,Bulk Cargo,0.809,10/1/2021
Imports / Million Tons,General Cargo,1.328,10/1/2021
Imports / Million Tons,Total Dry Cargo,2.137,10/1/2021
Imports / Million Tons,Total Liquid Cargo,1.242,10/1/2021
Imports / Million Tons,Total Cargo,3.379,10/1/2021
Exports / Million Tons,Bulk Cargo,0.359,10/1/2021
Exports / Million Tons,General Cargo,0.813,10/1/2021
Exports / Million Tons,Total Dry Cargo,1.172,10/1/2021
Exports / Million Tons,Total Liquid Cargo,0.095,10/1/2021
Exports / Million Tons,Total Cargo,1.267,10/1/2021
Total Imports & Exports / Million Tons,Bulk Cargo,1.168,10/1/2021
Total Imports & Exports / Million Tons,General Cargo,2.142,10/1/2021
Total Imports & Exports / Million Tons,Total Dry Cargo,3.309,10/1/2021
Total Imports & Exports / Million Tons,Total Liquid Cargo,1.337,10/1/2021
Total Imports & Exports / Million Tons,Total Cargo,4.646,10/1/2021
Total TEU(s) in Millions,Imports,0.08,10/1/2021
Total TEU(s) in Millions,Exports,0.086,10/1/2021
Imports / Million Tons,Bulk Cargo,0.463,11/1/2021
Imports / Million Tons,General Cargo,1.449,11/1/2021
Imports / Million Tons,Total Dry Cargo,1.912,11/1/2021
Imports / Million Tons,Total Liquid Cargo,1.151,11/1/2021
Imports / Million Tons,Total Cargo,3.064,11/1/2021
Exports / Million Tons,Bulk Cargo,0.587,11/1/2021
Exports / Million Tons,General Cargo,0.995,11/1/2021
Exports / Million Tons,Total Dry Cargo,1.581,11/1/2021
Exports / Million Tons,Total Liquid Cargo,0.087,11/1/2021
Exports / Million Tons,Total Cargo,1.668,11/1/2021
Total Imports & Exports / Million Tons,Bulk Cargo,1.049,11/1/2021
Total Imports & Exports / Million Tons,General Cargo,2.444,11/1/2021
Total Imports & Exports / Million Tons,Total Dry Cargo,3.493,11/1/2021
Total Imports & Exports / Million Tons,Total Liquid Cargo,1.238,11/1/2021
Total Imports & Exports / Million Tons,Total Cargo,4.732,11/1/2021
Total TEU(s) in Millions,Imports,0.095,11/1/2021
Total TEU(s) in Millions,Exports,0.089,11/1/2021
Imports / Million Tons,Bulk Cargo,0.266,12/1/2021
Imports / Million Tons,General Cargo,1.472,12/1/2021
Imports / Million Tons,Total Dry Cargo,1.738,12/1/2021
Imports / Million Tons,Total Liquid Cargo,1.134,12/1/2021
Imports / Million Tons,Total Cargo,2.873,12/1/2021
Exports / Million Tons,Bulk Cargo,0.514,12/1/2021
Exports / Million Tons,General Cargo,1.053,12/1/2021
Exports / Million Tons,Total Dry Cargo,1.567,12/1/2021
Exports / Million Tons,Total Liquid Cargo,0.111,12/1/2021
Exports / Million Tons,Total Cargo,1.678,12/1/2021
Total Imports & Exports / Million Tons,Bulk Cargo,0.78,12/1/2021
Total Imports & Exports / Million Tons,General Cargo,2.525,12/1/2021
Total Imports & Exports / Million Tons,Total Dry Cargo,3.305,12/1/2021
Total Imports & Exports / Million Tons,Total Liquid Cargo,1.245,12/1/2021
Total Imports & Exports / Million Tons,Total Cargo,4.551,12/1/2021
Total TEU(s) in Millions,Imports,0.094,12/1/2021
Total TEU(s) in Millions,Exports,0.095,12/1/2021
Imports / Million Tons,Bulk Cargo,0.512,1/1/2022
Imports / Million Tons,General Cargo,1.739,1/1/2022
Imports / Million Tons,Total Dry Cargo,2.251,1/1/2022
Imports / Million Tons,Total Liquid Cargo,0.991,1/1/2022
Imports / Million Tons,Total Cargo,3.242,1/1/2022
Exports / Million Tons,Bulk Cargo,0.413,1/1/2022
Exports / Million Tons,General Cargo,1.01,1/1/2022
Exports / Million Tons,Total Dry Cargo,1.424,1/1/2022
Exports / Million Tons,Total Liquid Cargo,0.13,1/1/2022
Exports / Million Tons,Total Cargo,1.553,1/1/2022
Total Imports & Exports / Million Tons,Bulk Cargo,0.926,1/1/2022
Total Imports & Exports / Million Tons,General Cargo,2.749,1/1/2022
Total Imports & Exports / Million Tons,Total Dry Cargo,3.675,1/1/2022
Total Imports & Exports / Million Tons,Total Liquid Cargo,1.121,1/1/2022
Total Imports & Exports / Million Tons,Total Cargo,4.795,1/1/2022
Total TEU(s) in Millions,Imports,0.102,1/1/2022
Total TEU(s) in Millions,Exports,0.094,1/1/2022
Imports / Million Tons,Bulk Cargo,0.298,2/1/2022
Imports / Million Tons,General Cargo,1.31,2/1/2022
Imports / Million Tons,Total Dry Cargo,1.608,2/1/2022
Imports / Million Tons,Total Liquid Cargo,1.02,2/1/2022
Imports / Million Tons,Total Cargo,2.628,2/1/2022
Exports / Million Tons,Bulk Cargo,0.322,2/1/2022
Exports / Million Tons,General Cargo,1.078,2/1/2022
Exports / Million Tons,Total Dry Cargo,1.4,2/1/2022
Exports / Million Tons,Total Liquid Cargo,0.117,2/1/2022
Exports / Million Tons,Total Cargo,1.516,2/1/2022
Total Imports & Exports / Million Tons,Bulk Cargo,0.62,2/1/2022
Total Imports & Exports / Million Tons,General Cargo,2.388,2/1/2022
Total Imports & Exports / Million Tons,Total Dry Cargo,3.008,2/1/2022
Total Imports & Exports / Million Tons,Total Liquid Cargo,1.137,2/1/2022
Total Imports & Exports / Million Tons,Total Cargo,4.144,2/1/2022
Total TEU(s) in Millions,Imports,0.094,2/1/2022
Total TEU(s) in Millions,Exports,0.099,2/1/2022
Imports / Million Tons,Bulk Cargo,0.188,3/1/2022
Imports / Million Tons,General Cargo,1.447,3/1/2022
Imports / Million Tons,Total Dry Cargo,1.635,3/1/2022
Imports / Million Tons,Total Liquid Cargo,0.94,3/1/2022
Imports / Million Tons,Total Cargo,2.575,3/1/2022
Exports / Million Tons,Bulk Cargo,0.263,3/1/2022
Exports / Million Tons,General Cargo,1.052,3/1/2022
Exports / Million Tons,Total Dry Cargo,1.315,3/1/2022
Exports / Million Tons,Total Liquid Cargo,0.179,3/1/2022
Exports / Million Tons,Total Cargo,1.494,3/1/2022
Total Imports & Exports / Million Tons,Bulk Cargo,0.451,3/1/2022
Total Imports & Exports / Million Tons,General Cargo,2.498,3/1/2022
Total Imports & Exports / Million Tons,Total Dry Cargo,2.95,3/1/2022
Total Imports & Exports / Million Tons,Total Liquid Cargo,1.119,3/1/2022
Total Imports & Exports / Million Tons,Total Cargo,4.069,3/1/2022
Total TEU(s) in Millions,Imports,0.09,3/1/2022
Total TEU(s) in Millions,Exports,0.101,3/1/2022
Imports / Million Tons,Bulk Cargo,0.031,4/1/2022
Imports / Million Tons,General Cargo,1.377,4/1/2022
Imports / Million Tons,Total Dry Cargo,1.408,4/1/2022
Imports / Million Tons,Total Liquid Cargo,1.187,4/1/2022
Imports / Million Tons,Total Cargo,2.595,4/1/2022
Exports / Million Tons,Bulk Cargo,0.084,4/1/2022
Exports / Million Tons,General Cargo,0.91,4/1/2022
Exports / Million Tons,Total Dry Cargo,0.994,4/1/2022
Exports / Million Tons,Total Liquid Cargo,0.096,4/1/2022
Exports / Million Tons,Total Cargo,1.09,4/1/2022
Total Imports & Exports / Million Tons,Bulk Cargo,0.115,4/1/2022
Total Imports & Exports / Million Tons,General Cargo,2.287,4/1/2022
Total Imports & Exports / Million Tons,Total Dry Cargo,2.402,4/1/2022
Total Imports & Exports / Million Tons,Total Liquid Cargo,1.283,4/1/2022
Total Imports & Exports / Million Tons,Total Cargo,3.684,4/1/2022
Total TEU(s) in Millions,Imports,0.083,4/1/2022
Total TEU(s) in Millions,Exports,0.08,4/1/2022
Imports / Million Tons,Bulk Cargo,0.153,5/1/2022
Imports / Million Tons,General Cargo,1.542,5/1/2022
Imports / Million Tons,Total Dry Cargo,1.694,5/1/2022
Imports / Million Tons,Total Liquid Cargo,1.44,5/1/2022
Imports / Million Tons,Total Cargo,3.134,5/1/2022
Exports / Million Tons,Bulk Cargo,0.096,5/1/2022
Exports / Million Tons,General Cargo,0.846,5/1/2022
Exports / Million Tons,Total Dry Cargo,0.942,5/1/2022
Exports / Million Tons,Total Liquid Cargo,0.138,5/1/2022
Exports / Million Tons,Total Cargo,1.08,5/1/2022
Total Imports & Exports / Million Tons,Bulk Cargo,0.249,5/1/2022
Total Imports & Exports / Million Tons,General Cargo,2.387,5/1/2022
Total Imports & Exports / Million Tons,Total Dry Cargo,2.636,5/1/2022
Total Imports & Exports / Million Tons,Total Liquid Cargo,1.578,5/1/2022
Total Imports & Exports / Million Tons,Total Cargo,4.214,5/1/2022
Total TEU(s) in Millions,Imports,0.086,5/1/2022
Total TEU(s) in Millions,Exports,0.086,5/1/2022
Imports / Million Tons,Bulk Cargo,0.166,6/1/2022
Imports / Million Tons,General Cargo,1.429,6/1/2022
Imports / Million Tons,Total Dry Cargo,1.595,6/1/2022
Imports / Million Tons,Total Liquid Cargo,1.212,6/1/2022
Imports / Million Tons,Total Cargo,2.807,6/1/2022
Exports / Million Tons,Bulk Cargo,0.254,6/1/2022
Exports / Million Tons,General Cargo,0.926,6/1/2022
Exports / Million Tons,Total Dry Cargo,1.18,6/1/2022
Exports / Million Tons,Total Liquid Cargo,0.114,6/1/2022
Exports / Million Tons,Total Cargo,1.294,6/1/2022
Total Imports & Exports / Million Tons,Bulk Cargo,0.42,6/1/2022
Total Imports & Exports / Million Tons,General Cargo,2.355,6/1/2022
Total Imports & Exports / Million Tons,Total Dry Cargo,2.775,6/1/2022
Total Imports & Exports / Million Tons,Total Liquid Cargo,1.326,6/1/2022
Total Imports & Exports / Million Tons,Total Cargo,4.1,6/1/2022
Total TEU(s) in Millions,Imports,0.086,6/1/2022
Total TEU(s) in Millions,Exports,0.087,6/1/2022
Imports / Million Tons,Bulk Cargo,0.2,7/1/2022
Imports / Million Tons,General Cargo,1.56,7/1/2022
Imports / Million Tons,Total Dry Cargo,1.76,7/1/2022
Imports / Million Tons,Total Liquid Cargo,1.037,7/1/2022
Imports / Million Tons,Total Cargo,2.797,7/1/2022
Exports / Million Tons,Bulk Cargo,0.101,7/1/2022
Exports / Million Tons,General Cargo,0.684,7/1/2022
Exports / Million Tons,Total Dry Cargo,0.785,7/1/2022
Exports / Million Tons,Total Liquid Cargo,0.062,7/1/2022
Exports / Million Tons,Total Cargo,0.848,7/1/2022
Total Imports & Exports / Million Tons,Bulk Cargo,0.301,7/1/2022
Total Imports & Exports / Million Tons,General Cargo,2.244,7/1/2022
Total Imports & Exports / Million Tons,Total Dry Cargo,2.545,7/1/2022
Total Imports & Exports / Million Tons,Total Liquid Cargo,1.099,7/1/2022
Total Imports & Exports / Million Tons,Total Cargo,3.644,7/1/2022
Total TEU(s) in Millions,Imports,0.093,7/1/2022
Total TEU(s) in Millions,Exports,0.078,7/1/2022
Imports / Million Tons,Bulk Cargo,0.337,8/1/2022
Imports / Million Tons,General Cargo,1.427,8/1/2022
Imports / Million Tons,Total Dry Cargo,1.764,8/1/2022
Imports / Million Tons,Total Liquid Cargo,0.902,8/1/2022
Imports / Million Tons,Total Cargo,2.666,8/1/2022
Exports / Million Tons,Bulk Cargo,0.198,8/1/2022
Exports / Million Tons,General Cargo,0.642,8/1/2022
Exports / Million Tons,Total Dry Cargo,0.84,8/1/2022
Exports / Million Tons,Total Liquid Cargo,0.063,8/1/2022
Exports / Million Tons,Total Cargo,0.904,8/1/2022
Total Imports & Exports / Million Tons,Bulk Cargo,0.535,8/1/2022
Total Imports & Exports / Million Tons,General Cargo,2.069,8/1/2022
Total Imports & Exports / Million Tons,Total Dry Cargo,2.604,8/1/2022
Total Imports & Exports / Million Tons,Total Liquid Cargo,0.965,8/1/2022
Total Imports & Exports / Million Tons,Total Cargo,3.569,8/1/2022
Total TEU(s) in Millions,Imports,0.086,8/1/2022
Total TEU(s) in Millions,Exports,0.091,8/1/2022
Imports / Million Tons,Bulk Cargo,0.558,9/1/2022
Imports / Million Tons,General Cargo,1.104,9/1/2022
Imports / Million Tons,Total Dry Cargo,1.662,9/1/2022
Imports / Million Tons,Total Liquid Cargo,0.717,9/1/2022
Imports / Million Tons,Total Cargo,2.38,9/1/2022
Exports / Million Tons,Bulk Cargo,0.321,9/1/2022
Exports / Million Tons,General Cargo,0.608,9/1/2022
Exports / Million Tons,Total Dry Cargo,0.928,9/1/2022
Exports / Million Tons,Total Liquid Cargo,0.051,9/1/2022
Exports / Million Tons,Total Cargo,0.98,9/1/2022
Total Imports & Exports / Million Tons,Bulk Cargo,0.879,9/1/2022
Total Imports & Exports / Million Tons,General Cargo,1.712,9/1/2022
Total Imports & Exports / Million Tons,Total Dry Cargo,2.591,9/1/2022
Total Imports & Exports / Million Tons,Total Liquid Cargo,0.768,9/1/2022
Total Imports & Exports / Million Tons,Total Cargo,3.359,9/1/2022
Total TEU(s) in Millions,Imports,0.065,9/1/2022
Total TEU(s) in Millions,Exports,0.076,9/1/2022
Imports / Million Tons,Bulk Cargo,0.156,10/1/2022
Imports / Million Tons,General Cargo,1.214,10/1/2022
Imports / Million Tons,Total Dry Cargo,1.37,10/1/2022
Imports / Million Tons,Total Liquid Cargo,0.883,10/1/2022
Imports / Million Tons,Total Cargo,2.253,10/1/2022
Exports / Million Tons,Bulk Cargo,0.158,10/1/2022
Exports / Million Tons,General Cargo,0.71,10/1/2022
Exports / Million Tons,Total Dry Cargo,0.868,10/1/2022
Exports / Million Tons,Total Liquid Cargo,0.097,10/1/2022
Exports / Million Tons,Total Cargo,0.966,10/1/2022
Total Imports & Exports / Million Tons,Bulk Cargo,0.314,10/1/2022
Total Imports & Exports / Million Tons,General Cargo,1.924,10/1/2022
Total Imports & Exports / Million Tons,Total Dry Cargo,2.238,10/1/2022
Total Imports & Exports / Million Tons,Total Liquid Cargo,0.981,10/1/2022
Total Imports & Exports / Million Tons,Total Cargo,3.218,10/1/2022
Total TEU(s) in Millions,Imports,0.072,10/1/2022
Total TEU(s) in Millions,Exports,0.077,10/1/2022
Imports / Million Tons,Bulk Cargo,0.381,11/1/2022
Imports / Million Tons,General Cargo,1.394,11/1/2022
Imports / Million Tons,Total Dry Cargo,1.775,11/1/2022
Imports / Million Tons,Total Liquid Cargo,0.867,11/1/2022
Imports / Million Tons,Total Cargo,2.641,11/1/2022
Exports / Million Tons,Bulk Cargo,0.112,11/1/2022
Exports / Million Tons,General Cargo,0.713,11/1/2022
Exports / Million Tons,Total Dry Cargo,0.825,11/1/2022
Exports / Million Tons,Total Liquid Cargo,0.078,11/1/2022
Exports / Million Tons,Total Cargo,0.903,11/1/2022
Total Imports & Exports / Million Tons,Bulk Cargo,0.492,11/1/2022
Total Imports & Exports / Million Tons,General Cargo,2.107,11/1/2022
Total Imports & Exports / Million Tons,Total Dry Cargo,2.6,11/1/2022
Total Imports & Exports / Million Tons,Total Liquid Cargo,0.945,11/1/2022
Total Imports & Exports / Million Tons,Total Cargo,3.545,11/1/2022
Total TEU(s) in Millions,Imports,0.089,11/1/2022
Total TEU(s) in Millions,Exports,0.079,11/1/2022
Imports / Million Tons,Bulk Cargo,0.165,12/1/2022
Imports / Million Tons,General Cargo,1.618,12/1/2022
Imports / Million Tons,Total Dry Cargo,1.784,12/1/2022
Imports / Million Tons,Total Liquid Cargo,0.966,12/1/2022
Imports / Million Tons,Total Cargo,2.749,12/1/2022
Exports / Million Tons,General Cargo,0.783,12/1/2022
Exports / Million Tons,Total Dry Cargo,0.783,12/1/2022
Exports / Million Tons,Total Liquid Cargo,0.058,12/1/2022
Exports / Million Tons,Total Cargo,0.841,12/1/2022
Total Imports & Exports / Million Tons,Bulk Cargo,0.165,12/1/2022
Total Imports & Exports / Million Tons,General Cargo,2.402,12/1/2022
Total Imports & Exports / Million Tons,Total Dry Cargo,2.567,12/1/2022
Total Imports & Exports / Million Tons,Total Liquid Cargo,1.023,12/1/2022
Total Imports & Exports / Million Tons,Total Cargo,3.59,12/1/2022
Total TEU(s) in Millions,Imports,0.1,12/1/2022
Total TEU(s) in Millions,Exports,0.09,12/1/2022
Imports / Million Tons,Bulk Cargo,0.481,1/1/2023
Imports / Million Tons,General Cargo,1.577,1/1/2023
Imports / Million Tons,Total Dry Cargo,2.058,1/1/2023
Imports / Million Tons,Total Liquid Cargo,0.802,1/1/2023
Imports / Million Tons,Total Cargo,2.86,1/1/2023
Exports / Million Tons,Bulk Cargo,0.276,1/1/2023
Exports / Million Tons,General Cargo,0.737,1/1/2023
Exports / Million Tons,Total Dry Cargo,1.012,1/1/2023
Exports / Million Tons,Total Liquid Cargo,0.084,1/1/2023
Exports / Million Tons,Total Cargo,1.096,1/1/2023
Total Imports & Exports / Million Tons,Bulk Cargo,0.756,1/1/2023
Total Imports & Exports / Million Tons,General Cargo,2.314,1/1/2023
Total Imports & Exports / Million Tons,Total Dry Cargo,3.07,1/1/2023
Total Imports & Exports / Million Tons,Total Liquid Cargo,0.885,1/1/2023
Total Imports & Exports / Million Tons,Total Cargo,3.956,1/1/2023
Total TEU(s) in Millions,Imports,0.09,1/1/2023
Total TEU(s) in Millions,Exports,0.086,1/1/2023
Imports / Million Tons,Bulk Cargo,0.347,2/1/2023
Imports / Million Tons,General Cargo,1.08,2/1/2023
Imports / Million Tons,Total Dry Cargo,1.427,2/1/2023
Imports / Million Tons,Total Liquid Cargo,0.851,2/1/2023
Imports / Million Tons,Total Cargo,2.278,2/1/2023
Exports / Million Tons,Bulk Cargo,0.355,2/1/2023
Exports / Million Tons,General Cargo,0.806,2/1/2023
Exports / Million Tons,Total Dry Cargo,1.161,2/1/2023
Exports / Million Tons,Total Liquid Cargo,0.083,2/1/2023
Exports / Million Tons,Total Cargo,1.244,2/1/2023
Total Imports & Exports / Million Tons,Bulk Cargo,0.702,2/1/2023
Total Imports & Exports / Million Tons,General Cargo,1.886,2/1/2023
Total Imports & Exports / Million Tons,Total Dry Cargo,2.588,2/1/2023
Total Imports & Exports / Million Tons,Total Liquid Cargo,0.934,2/1/2023
Total Imports & Exports / Million Tons,Total Cargo,3.522,2/1/2023
Total TEU(s) in Millions,Imports,0.065,2/1/2023
Total TEU(s) in Millions,Exports,0.082,2/1/2023
Imports / Million Tons,Bulk Cargo,0.188,3/1/2023
Imports / Million Tons,General Cargo,0.976,3/1/2023
Imports / Million Tons,Total Dry Cargo,1.163,3/1/2023
Imports / Million Tons,Total Liquid Cargo,0.894,3/1/2023
Imports / Million Tons,Total Cargo,2.057,3/1/2023
Exports / Million Tons,Bulk Cargo,0.313,3/1/2023
Exports / Million Tons,General Cargo,0.877,3/1/2023
Exports / Million Tons,Total Dry Cargo,1.19,3/1/2023
Exports / Million Tons,Total Liquid Cargo,0.144,3/1/2023
Exports / Million Tons,Total Cargo,1.333,3/1/2023
Total Imports & Exports / Million Tons,Bulk Cargo,0.501,3/1/2023
Total Imports & Exports / Million Tons,General Cargo,1.852,3/1/2023
Total Imports & Exports / Million Tons,Total Dry Cargo,2.353,3/1/2023
Total Imports & Exports / Million Tons,Total Liquid Cargo,1.037,3/1/2023
Total Imports & Exports / Million Tons,Total Cargo,3.39,3/1/2023
Total TEU(s) in Millions,Imports,0.063,3/1/2023
Total TEU(s) in Millions,Exports,0.077,3/1/2023
Imports / Million Tons,Bulk Cargo,0.076,4/1/2023
Imports / Million Tons,General Cargo,1.071,4/1/2023
Imports / Million Tons,Total Dry Cargo,1.147,4/1/2023
Imports / Million Tons,Total Liquid Cargo,0.676,4/1/2023
Imports / Million Tons,Total Cargo,1.823,4/1/2023
Exports / Million Tons,Bulk Cargo,0.184,4/1/2023
Exports / Million Tons,General Cargo,0.808,4/1/2023
Exports / Million Tons,Total Dry Cargo,0.992,4/1/2023
Exports / Million Tons,Total Liquid Cargo,0.117,4/1/2023
Exports / Million Tons,Total Cargo,1.109,4/1/2023
Total Imports & Exports / Million Tons,Bulk Cargo,0.26,4/1/2023
Total Imports & Exports / Million Tons,General Cargo,1.879,4/1/2023
Total Imports & Exports / Million Tons,Total Dry Cargo,2.139,4/1/2023
Total Imports & Exports / Million Tons,Total Liquid Cargo,0.792,4/1/2023
Total Imports & Exports / Million Tons,Total Cargo,2.932,4/1/2023
Total TEU(s) in Millions,Imports,0.071,4/1/2023
Total TEU(s) in Millions,Exports,0.07,4/1/2023
Imports / Million Tons,Bulk Cargo,0.077,5/1/2023
Imports / Million Tons,General Cargo,1.247,5/1/2023
Imports / Million Tons,Total Dry Cargo,1.325,5/1/2023
Imports / Million Tons,Total Liquid Cargo,0.85,5/1/2023
Imports / Million Tons,Total Cargo,2.175,5/1/2023
Exports / Million Tons,Bulk Cargo,0.361,5/1/2023
Exports / Million Tons,General Cargo,0.766,5/1/2023
Exports / Million Tons,Total Dry Cargo,1.127,5/1/2023
Exports / Million Tons,Total Liquid Cargo,0.094,5/1/2023
Exports / Million Tons,Total Cargo,1.221,5/1/2023
Total Imports & Exports / Million Tons,Bulk Cargo,0.438,5/1/2023
Total Imports & Exports / Million Tons,General Cargo,2.013,5/1/2023
Total Imports & Exports / Million Tons,Total Dry Cargo,2.451,5/1/2023
Total Imports & Exports / Million Tons,Total Liquid Cargo,0.944,5/1/2023
Total Imports & Exports / Million Tons,Total Cargo,3.396,5/1/2023
Total TEU(s) in Millions,Imports,0.084,5/1/2023
Total TEU(s) in Millions,Exports,0.076,5/1/2023
Imports / Million Tons,Bulk Cargo,0.148,6/1/2023
Imports / Million Tons,General Cargo,1.406,6/1/2023
Imports / Million Tons,Total Dry Cargo,1.554,6/1/2023
Imports / Million Tons,Total Liquid Cargo,0.846,6/1/2023
Imports / Million Tons,Total Cargo,2.4,6/1/2023
Exports / Million Tons,Bulk Cargo,0.459,6/1/2023
Exports / Million Tons,General Cargo,0.787,6/1/2023
Exports / Million Tons,Total Dry Cargo,1.246,6/1/2023
Exports / Million Tons,Total Liquid Cargo,0.087,6/1/2023
Exports / Million Tons,Total Cargo,1.332,6/1/2023
Total Imports & Exports / Million Tons,Bulk Cargo,0.607,6/1/2023
Total Imports & Exports / Million Tons,General Cargo,2.193,6/1/2023
Total Imports & Exports / Million Tons,Total Dry Cargo,2.8,6/1/2023
Total Imports & Exports / Million Tons,Total Liquid Cargo,0.933,6/1/2023
Total Imports & Exports / Million Tons,Total Cargo,3.733,6/1/2023
Total TEU(s) in Millions,Imports,0.088,6/1/2023
Total TEU(s) in Millions,Exports,0.081,6/1/2023
Imports / Million Tons,Bulk Cargo,0.157,7/1/2023
Imports / Million Tons,General Cargo,1.507,7/1/2023
Imports / Million Tons,Total Dry Cargo,1.664,7/1/2023
Imports / Million Tons,Total Liquid Cargo,0.708,7/1/2023
Imports / Million Tons,Total Cargo,2.372,7/1/2023
Exports / Million Tons,Bulk Cargo,0.253,7/1/2023
Exports / Million Tons,General Cargo,0.748,7/1/2023
Exports / Million Tons,Total Dry Cargo,1.001,7/1/2023
Exports / Million Tons,Total Liquid Cargo,0.033,7/1/2023
Exports / Million Tons,Total Cargo,1.034,7/1/2023
Total Imports & Exports / Million Tons,Bulk Cargo,0.41,7/1/2023
Total Imports & Exports / Million Tons,General Cargo,2.255,7/1/2023
Total Imports & Exports / Million Tons,Total Dry Cargo,2.665,7/1/2023
Total Imports & Exports / Million Tons,Total Liquid Cargo,0.741,7/1/2023
Total Imports & Exports / Million Tons,Total Cargo,3.406,7/1/2023
Total TEU(s) in Millions,Imports,0.097,7/1/2023
Total TEU(s) in Millions,Exports,0.08,7/1/2023
Imports / Million Tons,Bulk Cargo,0.167,8/1/2023
Imports / Million Tons,General Cargo,1.498,8/1/2023
Imports / Million Tons,Total Dry Cargo,1.665,8/1/2023
Imports / Million Tons,Total Liquid Cargo,0.866,8/1/2023
Imports / Million Tons,Total Cargo,2.531,8/1/2023
Exports / Million Tons,Bulk Cargo,0.35,8/1/2023
Exports / Million Tons,General Cargo,1.023,8/1/2023
Exports / Million Tons,Total Dry Cargo,1.373,8/1/2023
Exports / Million Tons,Total Liquid Cargo,0.082,8/1/2023
Exports / Million Tons,Total Cargo,1.455,8/1/2023
Total Imports & Exports / Million Tons,Bulk Cargo,0.517,8/1/2023
Total Imports & Exports / Million Tons,General Cargo,2.522,8/1/2023
Total Imports & Exports / Million Tons,Total Dry Cargo,3.038,8/1/2023
Total Imports & Exports / Million Tons,Total Liquid Cargo,0.948,8/1/2023
Total Imports & Exports / Million Tons,Total Cargo,3.986,8/1/2023
Total TEU(s) in Millions,Imports,0.093,8/1/2023
Total TEU(s) in Millions,Exports,0.094,8/1/2023
Imports / Million Tons,Bulk Cargo,0.19,9/1/2023
Imports / Million Tons,General Cargo,1.509,9/1/2023
Imports / Million Tons,Total Dry Cargo,1.699,9/1/2023
Imports / Million Tons,Total Liquid Cargo,0.878,9/1/2023
Imports / Million Tons,Total Cargo,2.577,9/1/2023
Exports / Million Tons,Bulk Cargo,0.406,9/1/2023
Exports / Million Tons,General Cargo,1.072,9/1/2023
Exports / Million Tons,Total Dry Cargo,1.478,9/1/2023
Exports / Million Tons,Total Liquid Cargo,0.042,9/1/2023
Exports / Million Tons,Total Cargo,1.52,9/1/2023
Total Imports & Exports / Million Tons,Bulk Cargo,0.596,9/1/2023
Total Imports & Exports / Million Tons,General Cargo,2.581,9/1/2023
Total Imports & Exports / Million Tons,Total Dry Cargo,3.177,9/1/2023
Total Imports & Exports / Million Tons,Total Liquid Cargo,0.92,9/1/2023
Total Imports & Exports / Million Tons,Total Cargo,4.097,9/1/2023
Total TEU(s) in Millions,Imports,0.092,9/1/2023
Total TEU(s) in Millions,Exports,0.094,9/1/2023
Imports / Million Tons,Bulk Cargo,0.37,10/1/2023
Imports / Million Tons,General Cargo,1.564,10/1/2023
Imports / Million Tons,Total Dry Cargo,1.934,10/1/2023
Imports / Million Tons,Total Liquid Cargo,0.985,10/1/2023
Imports / Million Tons,Total Cargo,2.919,10/1/2023
Exports / Million Tons,Bulk Cargo,0.481,10/1/2023
Exports / Million Tons,General Cargo,1.255,10/1/2023
Exports / Million Tons,Total Dry Cargo,1.736,10/1/2023
Exports / Million Tons,Total Liquid Cargo,0.107,10/1/2023
Exports / Million Tons,Total Cargo,1.843,10/1/2023
Total Imports & Exports / Million Tons,Bulk Cargo,0.851,10/1/2023
Total Imports & Exports / Million Tons,General Cargo,2.819,10/1/2023
Total Imports & Exports / Million Tons,Total Dry Cargo,3.67,10/1/2023
Total Imports & Exports / Million Tons,Total Liquid Cargo,1.092,10/1/2023
Total Imports & Exports / Million Tons,Total Cargo,4.762,10/1/2023
Total TEU(s) in Millions,Imports,0.098,10/1/2023
Total TEU(s) in Millions,Exports,0.09,10/1/2023
Imports / Million Tons,Bulk Cargo,0.626,11/1/2023
Imports / Million Tons,General Cargo,1.416,11/1/2023
Imports / Million Tons,Total Dry Cargo,2.043,11/1/2023
Imports / Million Tons,Total Liquid Cargo,0.914,11/1/2023
Imports / Million Tons,Total Cargo,2.957,11/1/2023
Exports / Million Tons,Bulk Cargo,0.258,11/1/2023
Exports / Million Tons,General Cargo,1.289,11/1/2023
Exports / Million Tons,Total Dry Cargo,1.547,11/1/2023
Exports / Million Tons,Total Liquid Cargo,0.099,11/1/2023
Exports / Million Tons,Total Cargo,1.646,11/1/2023
Total Imports & Exports / Million Tons,Bulk Cargo,0.885,11/1/2023
Total Imports & Exports / Million Tons,General Cargo,2.705,11/1/2023
Total Imports & Exports / Million Tons,Total Dry Cargo,3.59,11/1/2023
Total Imports & Exports / Million Tons,Total Liquid Cargo,1.013,11/1/2023
Total Imports & Exports / Million Tons,Total Cargo,4.602,11/1/2023
Total TEU(s) in Millions,Imports,0.088,11/1/2023
Total TEU(s) in Millions,Exports,0.093,11/1/2023
Imports / Million Tons,Bulk Cargo,0.437,12/1/2023
Imports / Million Tons,General Cargo,1.438,12/1/2023
Imports / Million Tons,Total Dry Cargo,1.875,12/1/2023
Imports / Million Tons,Total Liquid Cargo,0.832,12/1/2023
Imports / Million Tons,Total Cargo,2.707,12/1/2023
Exports / Million Tons,Bulk Cargo,0.346,12/1/2023
Exports / Million Tons,General Cargo,1.323,12/1/2023
Exports / Million Tons,Total Dry Cargo,1.669,12/1/2023
Exports / Million Tons,Total Liquid Cargo,0.115,12/1/2023
Exports / Million Tons,Total Cargo,1.784,12/1/2023
Total Imports & Exports / Million Tons,Bulk Cargo,0.783,12/1/2023
Total Imports & Exports / Million Tons,General Cargo,2.762,12/1/2023
Total Imports & Exports / Million Tons,Total Dry Cargo,3.544,12/1/2023
Total Imports & Exports / Million Tons,Total Liquid Cargo,0.947,12/1/2023
Total Imports & Exports / Million Tons,Total Cargo,4.491,12/1/2023
Total TEU(s) in Millions,Imports,0.097,12/1/2023
Total TEU(s) in Millions,Exports,0.096,12/1/2023
Imports / Million Tons,Bulk Cargo,0.549,1/1/2024
Imports / Million Tons,General Cargo,1.417,1/1/2024
Imports / Million Tons,Total Dry Cargo,1.967,1/1/2024
Imports / Million Tons,Total Liquid Cargo,0.761,1/1/2024
Imports / Million Tons,Total Cargo,2.727,1/1/2024
Exports / Million Tons,Bulk Cargo,0.335,1/1/2024
Exports / Million Tons,General Cargo,1.332,1/1/2024
Exports / Million Tons,Total Dry Cargo,1.667,1/1/2024
Exports / Million Tons,Total Liquid Cargo,0.135,1/1/2024
Exports / Million Tons,Total Cargo,1.802,1/1/2024
Total Imports & Exports / Million Tons,Bulk Cargo,0.884,1/1/2024
Total Imports & Exports / Million Tons,General Cargo,2.749,1/1/2024
Total Imports & Exports / Million Tons,Total Dry Cargo,3.633,1/1/2024
Total Imports & Exports / Million Tons,Total Liquid Cargo,0.895,1/1/2024
Total Imports & Exports / Million Tons,Total Cargo,4.529,1/1/2024
Total TEU(s) in Millions,Imports,0.103,1/1/2024
Total TEU(s) in Millions,Exports,0.096,1/1/2024
Imports / Million Tons,Bulk Cargo,0.782,2/1/2024
Imports / Million Tons,General Cargo,1.397,2/1/2024
Imports / Million Tons,Total Dry Cargo,2.179,2/1/2024
Imports / Million Tons,Total Liquid Cargo,0.754,2/1/2024
Imports / Million Tons,Total Cargo,2.933,2/1/2024
Exports / Million Tons,Bulk Cargo,0.17,2/1/2024
Exports / Million Tons,General Cargo,1.051,2/1/2024
Exports / Million Tons,Total Dry Cargo,1.22,2/1/2024
Exports / Million Tons,Total Liquid Cargo,0.088,2/1/2024
Exports / Million Tons,Total Cargo,1.308,2/1/2024
Total Imports & Exports / Million Tons,Bulk Cargo,0.952,2/1/2024
Total Imports & Exports / Million Tons,General Cargo,2.447,2/1/2024
Total Imports & Exports / Million Tons,Total Dry Cargo,3.399,2/1/2024
Total Imports & Exports / Million Tons,Total Liquid Cargo,0.842,2/1/2024
Total Imports & Exports / Million Tons,Total Cargo,4.241,2/1/2024
Total TEU(s) in Millions,Imports,0.088,2/1/2024
Total TEU(s) in Millions,Exports,0.081,2/1/2024
Imports / Million Tons,Bulk Cargo,0.627,3/1/2024
Imports / Million Tons,General Cargo,1.565,3/1/2024
Imports / Million Tons,Total Dry Cargo,2.192,3/1/2024
Imports / Million Tons,Total Liquid Cargo,0.869,3/1/2024
Imports / Million Tons,Total Cargo,3.06,3/1/2024
Exports / Million Tons,Bulk Cargo,0.367,3/1/2024
Exports / Million Tons,General Cargo,1.164,3/1/2024
Exports / Million Tons,Total Dry Cargo,1.53,3/1/2024
Exports / Million Tons,Total Liquid Cargo,0.095,3/1/2024
Exports / Million Tons,Total Cargo,1.626,3/1/2024
Total Imports & Exports / Million Tons,Bulk Cargo,0.993,3/1/2024
Total Imports & Exports / Million Tons,General Cargo,2.729,3/1/2024
Total Imports & Exports / Million Tons,Total Dry Cargo,3.722,3/1/2024
Total Imports & Exports / Million Tons,Total Liquid Cargo,0.964,3/1/2024
Total Imports & Exports / Million Tons,Total Cargo,4.686,3/1/2024
Total TEU(s) in Millions,Imports,0.098,3/1/2024
Total TEU(s) in Millions,Exports,0.09,3/1/2024
Imports / Million Tons,Bulk Cargo,0.234,4/1/2024
Imports / Million Tons,General Cargo,1.588,4/1/2024
Imports / Million Tons,Total Dry Cargo,1.822,4/1/2024
Imports / Million Tons,Total Liquid Cargo,0.922,4/1/2024
Imports / Million Tons,Total Cargo,2.743,4/1/2024
Exports / Million Tons,Bulk Cargo,0.221,4/1/2024
Exports / Million Tons,General Cargo,0.979,4/1/2024
Exports / Million Tons,Total Dry Cargo,1.199,4/1/2024
Exports / Million Tons,Total Liquid Cargo,0.107,4/1/2024
Exports / Million Tons,Total Cargo,1.306,4/1/2024
Total Imports & Exports / Million Tons,Bulk Cargo,0.454,4/1/2024
Total Imports & Exports / Million Tons,General Cargo,2.567,4/1/2024
Total Imports & Exports / Million Tons,Total Dry Cargo,3.021,4/1/2024
Total Imports & Exports / Million Tons,Total Liquid Cargo,1.028,4/1/2024
Total Imports & Exports / Million Tons,Total Cargo,4.049,4/1/2024
Total TEU(s) in Millions,Imports,0.1,4/1/2024
Total TEU(s) in Millions,Exports,0.089,4/1/2024
Imports / Million Tons,Bulk Cargo,0.023,5/1/2024
Imports / Million Tons,General Cargo,1.658,5/1/2024
Imports / Million Tons,Total Dry Cargo,1.681,5/1/2024
Imports / Million Tons,Total Liquid Cargo,0.958,5/1/2024
Imports / Million Tons,Total Cargo,2.639,5/1/2024
Exports / Million Tons,Bulk Cargo,0.697,5/1/2024
Exports / Million Tons,General Cargo,1.007,5/1/2024
Exports / Million Tons,Total Dry Cargo,1.704,5/1/2024
Exports / Million Tons,Total Liquid Cargo,0.192,5/1/2024
Exports / Million Tons,Total Cargo,1.896,5/1/2024
Total Imports & Exports / Million Tons,Bulk Cargo,0.72,5/1/2024
Total Imports & Exports / Million Tons,General Cargo,2.665,5/1/2024
Total Imports & Exports / Million Tons,Total Dry Cargo,3.385,5/1/2024
Total Imports & Exports / Million Tons,Total Liquid Cargo,1.151,5/1/2024
Total Imports & Exports / Million Tons,Total Cargo,4.535,5/1/2024
Total TEU(s) in Millions,Imports,0.104,5/1/2024
Total TEU(s) in Millions,Exports,0.103,5/1/2024
Imports / Million Tons,Bulk Cargo,0.162,6/1/2024
Imports / Million Tons,General Cargo,1.6,6/1/2024
Imports / Million Tons,Total Dry Cargo,1.762,6/1/2024
Imports / Million Tons,Total Liquid Cargo,0.827,6/1/2024
Imports / Million Tons,Total Cargo,2.589,6/1/2024
Exports / Million Tons,Bulk Cargo,0.328,6/1/2024
Exports / Million Tons,General Cargo,1.024,6/1/2024
Exports / Million Tons,Total Dry Cargo,1.351,6/1/2024
Exports / Million Tons,Total Liquid Cargo,0.099,6/1/2024
Exports / Million Tons,Total Cargo,1.45,6/1/2024
Total Imports & Exports / Million Tons,Bulk Cargo,0.49,6/1/2024
Total Imports & Exports / Million Tons,General Cargo,2.624,6/1/2024
Total Imports & Exports / Million Tons,Total Dry Cargo,3.114,6/1/2024
Total Imports & Exports / Million Tons,Total Liquid Cargo,0.926,6/1/2024
Total Imports & Exports / Million Tons,Total Cargo,4.039,6/1/2024
Total TEU(s) in Millions,Imports,0.112,6/1/2024
Total TEU(s) in Millions,Exports,0.1,6/1/2024
Imports / Million Tons,Bulk Cargo,0.093,7/1/2024
Imports / Million Tons,General Cargo,1.651,7/1/2024
Imports / Million Tons,Total Dry Cargo,1.744,7/1/2024
Imports / Million Tons,Total Liquid Cargo,0.868,7/1/2024
Imports / Million Tons,Total Cargo,2.613,7/1/2024
Exports / Million Tons,Bulk Cargo,0.382,7/1/2024
Exports / Million Tons,General Cargo,1.025,7/1/2024
Exports / Million Tons,Total Dry Cargo,1.407,7/1/2024
Exports / Million Tons,Total Liquid Cargo,0.077,7/1/2024
Exports / Million Tons,Total Cargo,1.484,7/1/2024
Total Imports & Exports / Million Tons,Bulk Cargo,0.475,7/1/2024
Total Imports & Exports / Million Tons,General Cargo,2.675,7/1/2024
Total Imports & Exports / Million Tons,Total Dry Cargo,3.151,7/1/2024
Total Imports & Exports / Million Tons,Total Liquid Cargo,0.946,7/1/2024
Total Imports & Exports / Million Tons,Total Cargo,4.097,7/1/2024
Total TEU(s) in Millions,Imports,0.1,7/1/2024
Total TEU(s) in Millions,Exports,0.102,7/1/2024
Imports / Million Tons,Bulk Cargo,0.165,8/1/2024
Imports / Million Tons,General Cargo,1.472,8/1/2024
Imports / Million Tons,Total Dry Cargo,1.637,8/1/2024
Imports / Million Tons,Total Liquid Cargo,0.928,8/1/2024
Imports / Million Tons,Total Cargo,2.565,8/1/2024
Exports / Million Tons,Bulk Cargo,0.291,8/1/2024
Exports / Million Tons,General Cargo,1.013,8/1/2024
Exports / Million Tons,Total Dry Cargo,1.304,8/1/2024
Exports / Million Tons,Total Liquid Cargo,0.075,8/1/2024
Exports / Million Tons,Total Cargo,1.379,8/1/2024
Total Imports & Exports / Million Tons,Bulk Cargo,0.456,8/1/2024
Total Imports & Exports / Million Tons,General Cargo,2.485,8/1/2024
Total Imports & Exports / Million Tons,Total Dry Cargo,2.94,8/1/2024
Total Imports & Exports / Million Tons,Total Liquid Cargo,1.003,8/1/2024
Total Imports & Exports / Million Tons,Total Cargo,3.944,8/1/2024
Total TEU(s) in Millions,Imports,0.105,8/1/2024
Total TEU(s) in Millions,Exports,0.102,8/1/2024
Imports / Million Tons,Bulk Cargo,0.108,9/1/2024
Imports / Million Tons,General Cargo,1.756,9/1/2024
Imports / Million Tons,Total Dry Cargo,1.864,9/1/2024
Imports / Million Tons,Total Liquid Cargo,0.969,9/1/2024
Imports / Million Tons,Total Cargo,2.833,9/1/2024
Exports / Million Tons,Bulk Cargo,0.63,9/1/2024
Exports / Million Tons,General Cargo,1.046,9/1/2024
Exports / Million Tons,Total Dry Cargo,1.676,9/1/2024
Exports / Million Tons,Total Liquid Cargo,0.113,9/1/2024
Exports / Million Tons,Total Cargo,1.789,9/1/2024
Total Imports & Exports / Million Tons,Bulk Cargo,0.738,9/1/2024
Total Imports & Exports / Million Tons,General Cargo,2.802,9/1/2024
Total Imports & Exports / Million Tons,Total Dry Cargo,3.54,9/1/2024
Total Imports & Exports / Million Tons,Total Liquid Cargo,1.081,9/1/2024
Total Imports & Exports / Million Tons,Total Cargo,4.622,9/1/2024
Total TEU(s) in Millions,Imports,0.115,9/1/2024
Total TEU(s) in Millions,Exports,0.108,9/1/2024
Imports / Million Tons,Bulk Cargo,0.203,10/1/2024
Imports / Million Tons,General Cargo,1.637,10/1/2024
Imports / Million Tons,Total Dry Cargo,1.84,10/1/2024
Imports / Million Tons,Total Liquid Cargo,0.675,10/1/2024
Imports / Million Tons,Total Cargo,2.515,10/1/2024
Exports / Million Tons,Bulk Cargo,0.773,10/1/2024
Exports / Million Tons,General Cargo,1.141,10/1/2024
Exports / Million Tons,Total Dry Cargo,1.914,10/1/2024
Exports / Million Tons,Total Liquid Cargo,0.103,10/1/2024
Exports / Million Tons,Total Cargo,2.017,10/1/2024
Total Imports & Exports / Million Tons,Bulk Cargo,0.976,10/1/2024
Total Imports & Exports / Million Tons,General Cargo,2.779,10/1/2024
Total Imports & Exports / Million Tons,Total Dry Cargo,3.754,10/1/2024
Total Imports & Exports / Million Tons,Total Liquid Cargo,0.778,10/1/2024
Total Imports & Exports / Million Tons,Total Cargo,4.532,10/1/2024
Total TEU(s) in Millions,Imports,0.103,10/1/2024
Total TEU(s) in Millions,Exports,0.106,10/1/2024
Imports / Million Tons,Bulk Cargo,0.063,11/1/2024
Imports / Million Tons,General Cargo,1.529,11/1/2024
Imports / Million Tons,Total Dry Cargo,1.592,11/1/2024
Imports / Million Tons,Total Liquid Cargo,0.983,11/1/2024
Imports / Million Tons,Total Cargo,2.574,11/1/2024
Exports / Million Tons,Bulk Cargo,0.725,11/1/2024
Exports / Million Tons,General Cargo,1.041,11/1/2024
Exports / Million Tons,Total Dry Cargo,1.767,11/1/2024
Exports / Million Tons,Total Liquid Cargo,0.034,11/1/2024
Exports / Million Tons,Total Cargo,1.801,11/1/2024
Total Imports & Exports / Million Tons,Bulk Cargo,0.788,11/1/2024
Total Imports & Exports / Million Tons,General Cargo,2.57,11/1/2024
Total Imports & Exports / Million Tons,Total Dry Cargo,3.359,11/1/2024
Total Imports & Exports / Million Tons,Total Liquid Cargo,1.016,11/1/2024
Total Imports & Exports / Million Tons,Total Cargo,4.375,11/1/2024
Total TEU(s) in Millions,Imports,0.097,11/1/2024
Total TEU(s) in Millions,Exports,0.09,11/1/2024
Imports / Million Tons,Bulk Cargo,0.13,12/1/2024
Imports / Million Tons,General Cargo,1.921,12/1/2024
Imports / Million Tons,Total Dry Cargo,2.05,12/1/2024
Imports / Million Tons,Total Liquid Cargo,1.076,12/1/2024
Imports / Million Tons,Total Cargo,3.127,12/1/2024
Exports / Million Tons,Bulk Cargo,0.584,12/1/2024
Exports / Million Tons,General Cargo,1.167,12/1/2024
Exports / Million Tons,Total Dry Cargo,1.751,12/1/2024
Exports / Million Tons,Total Liquid Cargo,0.132,12/1/2024
Exports / Million Tons,Total Cargo,1.883,12/1/2024
Total Imports & Exports / Million Tons,Bulk Cargo,0.713,12/1/2024
Total Imports & Exports / Million Tons,General Cargo,3.088,12/1/2024
Total Imports & Exports / Million Tons,Total Dry Cargo,3.801,12/1/2024
Total Imports & Exports / Million Tons,Total Liquid Cargo,1.208,12/1/2024
Total Imports & Exports / Million Tons,Total Cargo,5.01,12/1/2024
Total TEU(s) in Millions,Imports,0.131,12/1/2024
Total TEU(s) in Millions,Exports,0.116,12/1/2024
Imports / Million Tons,Bulk Cargo,0.098,1/1/2025
Imports / Million Tons,General Cargo,1.985,1/1/2025
Imports / Million Tons,Total Dry Cargo,2.083,1/1/2025
Imports / Million Tons,Total Liquid Cargo,0.991,1/1/2025
Imports / Million Tons,Total Cargo,3.074,1/1/2025
Exports / Million Tons,Bulk Cargo,0.512,1/1/2025
Exports / Million Tons,General Cargo,1.071,1/1/2025
Exports / Million Tons,Total Dry Cargo,1.583,1/1/2025
Exports / Million Tons,Total Liquid Cargo,0.117,1/1/2025
Exports / Million Tons,Total Cargo,1.7,1/1/2025
Total Imports & Exports / Million Tons,Bulk Cargo,0.61,1/1/2025
Total Imports & Exports / Million Tons,General Cargo,3.056,1/1/2025
Total Imports & Exports / Million Tons,Total Dry Cargo,3.666,1/1/2025
Total Imports & Exports / Million Tons,Total Liquid Cargo,1.108,1/1/2025
Total Imports & Exports / Million Tons,Total Cargo,4.774,1/1/2025
Total TEU(s) in Millions,Imports,0.127,1/1/2025
Total TEU(s) in Millions,Exports,0.118,1/1/2025
Imports / Million Tons,Bulk Cargo,0.08,2/1/2025
Imports / Million Tons,General Cargo,1.904,2/1/2025
Imports / Million Tons,Total Dry Cargo,1.984,2/1/2025
Imports / Million Tons,Total Liquid Cargo,0.836,2/1/2025
Imports / Million Tons,Total Cargo,2.821,2/1/2025
Exports / Million Tons,Bulk Cargo,0.364,2/1/2025
Exports / Million Tons,General Cargo,0.982,2/1/2025
Exports / Million Tons,Total Dry Cargo,1.346,2/1/2025
Exports / Million Tons,Total Liquid Cargo,0.102,2/1/2025
Exports / Million Tons,Total Cargo,1.448,2/1/2025
Total Imports & Exports / Million Tons,Bulk Cargo,0.445,2/1/2025
Total Imports & Exports / Million Tons,General Cargo,2.886,2/1/2025
Total Imports & Exports / Million Tons,Total Dry Cargo,3.331,2/1/2025
Total Imports & Exports / Million Tons,Total Liquid Cargo,0.938,2/1/2025
Total Imports & Exports / Million Tons,Total Cargo,4.269,2/1/2025
Total TEU(s) in Millions,Imports,0.109,2/1/2025
Total TEU(s) in Millions,Exports,0.109,2/1/2025
Imports / Million Tons,Bulk Cargo,0.053,3/1/2025
Imports / Million Tons,General Cargo,1.991,3/1/2025
Imports / Million Tons,Total Dry Cargo,2.044,3/1/2025
Imports / Million Tons,Total Liquid Cargo,0.985,3/1/2025
Imports / Million Tons,Total Cargo,3.029,3/1/2025
Exports / Million Tons,Bulk Cargo,0.489,3/1/2025
Exports / Million Tons,General Cargo,1.124,3/1/2025
Exports / Million Tons,Total Dry Cargo,1.613,3/1/2025
Exports / Million Tons,Total Liquid Cargo,0.117,3/1/2025
Exports / Million Tons,Total Cargo,1.73,3/1/2025
Total Imports & Exports / Million Tons,Bulk Cargo,0.542,3/1/2025
Total Imports & Exports / Million Tons,General Cargo,3.115,3/1/2025
Total Imports & Exports / Million Tons,Total Dry Cargo,3.657,3/1/2025
Total Imports & Exports / Million Tons,Total Liquid Cargo,1.102,3/1/2025
Total Imports & Exports / Million Tons,Total Cargo,4.759,3/1/2025
Total TEU(s) in Millions,Imports,0.116,3/1/2025
Total TEU(s) in Millions,Exports,0.116,3/1/2025
Imports / Million Tons,Bulk Cargo,0.022,4/1/2025
Imports / Million Tons,General Cargo,2.117,4/1/2025
Imports / Million Tons,Total Dry Cargo,2.139,4/1/2025
Imports / Million Tons,Total Liquid Cargo,0.926,4/1/2025
Imports / Million Tons,Total Cargo,3.065,4/1/2025
Exports / Million Tons,Bulk Cargo,0.648,4/1/2025
Exports / Million Tons,General Cargo,0.799,4/1/2025
Exports / Million Tons,Total Dry Cargo,1.447,4/1/2025
Exports / Million Tons,Total Liquid Cargo,0.094,4/1/2025
Exports / Million Tons,Total Cargo,1.541,4/1/2025
Total Imports & Exports / Million Tons,Bulk Cargo,0.67,4/1/2025
Total Imports & Exports / Million Tons,General Cargo,2.916,4/1/2025
Total Imports & Exports / Million Tons,Total Dry Cargo,3.585,4/1/2025
Total Imports & Exports / Million Tons,Total Liquid Cargo,1.02,4/1/2025
Total Imports & Exports / Million Tons,Total Cargo,4.606,4/1/2025
Total TEU(s) in Millions,Imports,0.134,4/1/2025
Total TEU(s) in Millions,Exports,0.1,4/1/2025
Imports / Million Tons,Bulk Cargo,0.183,5/1/2025
Imports / Million Tons,General Cargo,1.641,5/1/2025
Imports / Million Tons,Total Dry Cargo,1.824,5/1/2025
Imports / Million Tons,Total Liquid Cargo,0.961,5/1/2025
Imports / Million Tons,Total Cargo,2.785,5/1/2025
Exports / Million Tons,Bulk Cargo,0.655,5/1/2025
Exports / Million Tons,General Cargo,0.865,5/1/2025
Exports / Million Tons,Total Dry Cargo,1.52,5/1/2025
Exports / Million Tons,Total Liquid Cargo,0.077,5/1/2025
Exports / Million Tons,Total Cargo,1.597,5/1/2025
Total Imports & Exports / Million Tons,Bulk Cargo,0.839,5/1/2025
Total Imports & Exports / Million Tons,General Cargo,2.506,5/1/2025
Total Imports & Exports / Million Tons,Total Dry Cargo,3.344,5/1/2025
Total Imports & Exports / Million Tons,Total Liquid Cargo,1.038,5/1/2025
Total Imports & Exports / Million Tons,Total Cargo,4.383,5/1/2025
Total TEU(s) in Millions,Imports,0.103,5/1/2025
Total TEU(s) in Millions,Exports,0.1,5/1/2025
Imports / Million Tons,Bulk Cargo,0.213,6/1/2025
Imports / Million Tons,General Cargo,1.76,6/1/2025
Imports / Million Tons,Total Dry Cargo,1.973,6/1/2025
Imports / Million Tons,Total Liquid Cargo,0.962,6/1/2025
Imports / Million Tons,Total Cargo,2.936,6/1/2025
Exports / Million Tons,Bulk Cargo,0.573,6/1/2025
Exports / Million Tons,General Cargo,1.007,6/1/2025
Exports / Million Tons,Total Dry Cargo,1.58,6/1/2025
Exports / Million Tons,Total Liquid Cargo,0.072,6/1/2025
Exports / Million Tons,Total Cargo,1.653,6/1/2025
Total Imports & Exports / Million Tons,Bulk Cargo,0.786,6/1/2025
Total Imports & Exports / Million Tons,General Cargo,2.768,6/1/2025
Total Imports & Exports / Million Tons,Total Dry Cargo,3.553,6/1/2025
Total Imports & Exports / Million Tons,Total Liquid Cargo,1.035,6/1/2025
Total Imports & Exports / Million Tons,Total Cargo,4.588,6/1/2025
Total TEU(s) in Millions,Imports,0.121,6/1/2025
Total TEU(s) in Millions,Exports,0.122,6/1/2025
Imports / Million Tons,Bulk Cargo,0.099,7/1/2025
Imports / Million Tons,General Cargo,1.845,7/1/2025
Imports / Million Tons,Total Dry Cargo,1.944,7/1/2025
Imports / Million Tons,Total Liquid Cargo,1.028,7/1/2025
Imports / Million Tons,Total Cargo,2.972,7/1/2025
Exports / Million Tons,Bulk Cargo,0.636,7/1/2025
Exports / Million Tons,General Cargo,1.065,7/1/2025
Exports / Million Tons,Total Dry Cargo,1.702,7/1/2025
Exports / Million Tons,Total Liquid Cargo,0.052,7/1/2025
Exports / Million Tons,Total Cargo,1.753,7/1/2025
Total Imports & Exports / Million Tons,Bulk Cargo,0.735,7/1/2025
Total Imports & Exports / Million Tons,General Cargo,2.91,7/1/2025
Total Imports & Exports / Million Tons,Total Dry Cargo,3.645,7/1/2025
Total Imports & Exports / Million Tons,Total Liquid Cargo,1.08,7/1/2025
Total Imports & Exports / Million Tons,Total Cargo,4.725,7/1/2025
Total TEU(s) in Millions,Imports,0.127,7/1/2025
Total TEU(s) in Millions,Exports,0.124,7/1/2025
Imports / Million Tons,Bulk Cargo,0.164,8/1/2025
Imports / Million Tons,General Cargo,1.88,8/1/2025
Imports / Million Tons,Total Dry Cargo,2.045,8/1/2025
Imports / Million Tons,Total Liquid Cargo,1.028,8/1/2025
Imports / Million Tons,Total Cargo,3.073,8/1/2025
Exports / Million Tons,Bulk Cargo,0.493,8/1/2025
Exports / Million Tons,General Cargo,0.962,8/1/2025
Exports / Million Tons,Total Dry Cargo,1.455,8/1/2025
Exports / Million Tons,Total Liquid Cargo,0.086,8/1/2025
Exports / Million Tons,Total Cargo,1.542,8/1/2025
Total Imports & Exports / Million Tons,Bulk Cargo,0.658,8/1/2025
Total Imports & Exports / Million Tons,General Cargo,2.842,8/1/2025
Total Imports & Exports / Million Tons,Total Dry Cargo,3.5,8/1/2025
Total Imports & Exports / Million Tons,Total Liquid Cargo,1.114,8/1/2025
Total Imports & Exports / Million Tons,Total Cargo,4.614,8/1/2025
Total TEU(s) in Millions,Imports,0.115,8/1/2025
Total TEU(s) in Millions,Exports,0.115,8/1/2025
Imports / Million Tons,Bulk Cargo,0.072,9/1/2025
Imports / Million Tons,General Cargo,1.877,9/1/2025
Imports / Million Tons,Total Dry Cargo,1.949,9/1/2025
Imports / Million Tons,Total Liquid Cargo,1.012,9/1/2025
Imports / Million Tons,Total Cargo,2.961,9/1/2025
Exports / Million Tons,Bulk Cargo,0.423,9/1/2025
Exports / Million Tons,General Cargo,0.915,9/1/2025
Exports / Million Tons,Total Dry Cargo,1.338,9/1/2025
Exports / Million Tons,Total Liquid Cargo,0.065,9/1/2025
Exports / Million Tons,Total Cargo,1.403,9/1/2025
Total Imports & Exports / Million Tons,Bulk Cargo,0.495,9/1/2025
Total Imports & Exports / Million Tons,General Cargo,2.792,9/1/2025
Total Imports & Exports / Million Tons,Total Dry Cargo,3.287,9/1/2025
Total Imports & Exports / Million Tons,Total Liquid Cargo,1.077,9/1/2025
Total Imports & Exports / Million Tons,Total Cargo,4.364,9/1/2025
Total TEU(s) in Millions,Imports,0.125,9/1/2025
Total TEU(s) in Millions,Exports,0.113,9/1/2025
Imports / Million Tons,Bulk Cargo,0.254,10/1/2025
Imports / Million Tons,General Cargo,1.974,10/1/2025
Imports / Million Tons,Total Dry Cargo,2.228,10/1/2025
Imports / Million Tons,Total Liquid Cargo,0.946,10/1/2025
Imports / Million Tons,Total Cargo,3.175,10/1/2025
Exports / Million Tons,Bulk Cargo,0.557,10/1/2025
Exports / Million Tons,General Cargo,1.011,10/1/2025
Exports / Million Tons,Total Dry Cargo,1.569,10/1/2025
Exports / Million Tons,Total Liquid Cargo,0.14,10/1/2025
Exports / Million Tons,Total Cargo,1.708,10/1/2025
Total Imports & Exports / Million Tons,Bulk Cargo,0.811,10/1/2025
Total Imports & Exports / Million Tons,General Cargo,2.986,10/1/2025
Total Imports & Exports / Million Tons,Total Dry Cargo,3.797,10/1/2025
Total Imports & Exports / Million Tons,Total Liquid Cargo,1.086,10/1/2025
Total Imports & Exports / Million Tons,Total Cargo,4.883,10/1/2025
Total TEU(s) in Millions,Imports,0.124,10/1/2025
Total TEU(s) in Millions,Exports,0.127,10/1/2025
Imports / Million Tons,Bulk Cargo,0.215,11/1/2025
Imports / Million Tons,General Cargo,1.764,11/1/2025
Imports / Million Tons,Total Dry Cargo,1.979,11/1/2025
Imports / Million Tons,Total Liquid Cargo,1.12,11/1/2025
Imports / Million Tons,Total Cargo,3.1,11/1/2025
Exports / Million Tons,Bulk Cargo,0.343,11/1/2025
Exports / Million Tons,General Cargo,1.012,11/1/2025
Exports / Million Tons,Total Dry Cargo,1.356,11/1/2025
Exports / Million Tons,Total Liquid Cargo,0.128,11/1/2025
Exports / Million Tons,Total Cargo,1.483,11/1/2025
Total Imports & Exports / Million Tons,Bulk Cargo,0.558,11/1/2025
Total Imports & Exports / Million Tons,General Cargo,2.777,11/1/2025
Total Imports & Exports / Million Tons,Total Dry Cargo,3.335,11/1/2025
Total Imports & Exports / Million Tons,Total Liquid Cargo,1.248,11/1/2025
Total Imports & Exports / Million Tons,Total Cargo,4.583,11/1/2025
Total TEU(s) in Millions,Imports,0.117,11/1/2025
Total TEU(s) in Millions,Exports,0.116,11/1/2025
Imports / Million Tons,Bulk Cargo,0.19,12/1/2025
Imports / Million Tons,General Cargo,1.774,12/1/2025
Imports / Million Tons,Total Dry Cargo,1.964,12/1/2025
Imports / Million Tons,Total Liquid Cargo,1.093,12/1/2025
Imports / Million Tons,Total Cargo,3.058,12/1/2025
Exports / Million Tons,Bulk Cargo,0.595,12/1/2025
Exports / Million Tons,General Cargo,0.91,12/1/2025
Exports / Million Tons,Total Dry Cargo,1.505,12/1/2025
Exports / Million Tons,Total Liquid Cargo,0.126,12/1/2025
Exports / Million Tons,Total Cargo,1.631,12/1/2025
Total Imports & Exports / Million Tons,Bulk Cargo,0.785,12/1/2025
Total Imports & Exports / Million Tons,General Cargo,2.684,12/1/2025
Total Imports & Exports / Million Tons,Total Dry Cargo,3.469,12/1/2025
Total Imports & Exports / Million Tons,Total Liquid Cargo,1.219,12/1/2025
Total Imports & Exports / Million Tons,Total Cargo,4.688,12/1/2025
Total TEU(s) in Millions,Imports,0.116,12/1/2025
Total TEU(s) in Millions,Exports,0.098,12/1/2025
Imports / Million Tons,Bulk Cargo,0.278,1/1/2026
Imports / Million Tons,General Cargo,1.906,1/1/2026
Imports / Million Tons,Total Dry Cargo,2.184,1/1/2026
Imports / Million Tons,Total Liquid Cargo,1.091,1/1/2026
Imports / Million Tons,Total Cargo,3.275,1/1/2026
Exports / Million Tons,Bulk Cargo,0.73,1/1/2026
Exports / Million Tons,General Cargo,1.083,1/1/2026
Exports / Million Tons,Total Dry Cargo,1.813,1/1/2026
Exports / Million Tons,Total Liquid Cargo,0.143,1/1/2026
Exports / Million Tons,Total Cargo,1.956,1/1/2026
Total Imports & Exports / Million Tons,Bulk Cargo,1.008,1/1/2026
Total Imports & Exports / Million Tons,General Cargo,2.989,1/1/2026
Total Imports & Exports / Million Tons,Total Dry Cargo,3.997,1/1/2026
Total Imports & Exports / Million Tons,Total Liquid Cargo,1.234,1/1/2026
Total Imports & Exports / Million Tons,Total Cargo,5.23,1/1/2026
Total TEU(s) in Millions,Imports,0.119,1/1/2026
Total TEU(s) in Millions,Exports,0.117,1/1/2026
Imports / Million Tons,Bulk Cargo,0.239,2/1/2026
Imports / Million Tons,General Cargo,1.758,2/1/2026
Imports / Million Tons,Total Dry Cargo,1.996,2/1/2026
Imports / Million Tons,Total Liquid Cargo,0.994,2/1/2026
Imports / Million Tons,Total Cargo,2.991,2/1/2026
Exports / Million Tons,Bulk Cargo,0.635,2/1/2026
Exports / Million Tons,General Cargo,1.091,2/1/2026
Exports / Million Tons,Total Dry Cargo,1.725,2/1/2026
Exports / Million Tons,Total Liquid Cargo,0.171,2/1/2026
Exports / Million Tons,Total Cargo,1.896,2/1/2026
Total Imports & Exports / Million Tons,Bulk Cargo,0.874,2/1/2026
Total Imports & Exports / Million Tons,General Cargo,2.848,2/1/2026
Total Imports & Exports / Million Tons,Total Dry Cargo,3.722,2/1/2026
Total Imports & Exports / Million Tons,Total Liquid Cargo,1.165,2/1/2026
Total Imports & Exports / Million Tons,Total Cargo,4.887,2/1/2026
Total TEU(s) in Millions,Imports,0.116,2/1/2026
Total TEU(s) in Millions,Exports,0.111,2/1/2026
Imports / Million Tons,Bulk Cargo,0.213,3/1/2026
Imports / Million Tons,General Cargo,1.57,3/1/2026
Imports / Million Tons,Total Dry Cargo,1.783,3/1/2026
Imports / Million Tons,Total Liquid Cargo,0.818,3/1/2026
Imports / Million Tons,Total Cargo,2.601,3/1/2026
Exports / Million Tons,Bulk Cargo,0.553,3/1/2026
Exports / Million Tons,General Cargo,0.831,3/1/2026
Exports / Million Tons,Total Dry Cargo,1.384,3/1/2026
Exports / Million Tons,Total Liquid Cargo,0.104,3/1/2026
Exports / Million Tons,Total Cargo,1.487,3/1/2026
Total Imports & Exports / Million Tons,Bulk Cargo,0.766,3/1/2026
Total Imports & Exports / Million Tons,General Cargo,2.4,3/1/2026
Total Imports & Exports / Million Tons,Total Dry Cargo,3.167,3/1/2026
Total Imports & Exports / Million Tons,Total Liquid Cargo,0.922,3/1/2026
Total Imports & Exports / Million Tons,Total Cargo,4.089,3/1/2026
Total TEU(s) in Millions,Imports,0.109,3/1/2026
Total TEU(s) in Millions,Exports,0.096,3/1/2026
Imports / Million Tons,Bulk Cargo,0.215,4/1/2026
Imports / Million Tons,General Cargo,1.623,4/1/2026
Imports / Million Tons,Total Dry Cargo,1.838,4/1/2026
Imports / Million Tons,Total Liquid Cargo,1.117,4/1/2026
Imports / Million Tons,Total Cargo,2.955,4/1/2026
Exports / Million Tons,Bulk Cargo,0.475,4/1/2026
Exports / Million Tons,General Cargo,0.851,4/1/2026
Exports / Million Tons,Total Dry Cargo,1.326,4/1/2026
Exports / Million Tons,Total Liquid Cargo,0.198,4/1/2026
Exports / Million Tons,Total Cargo,1.524,4/1/2026
Total Imports & Exports / Million Tons,Bulk Cargo,0.69,4/1/2026
Total Imports & Exports / Million Tons,General Cargo,2.474,4/1/2026
Total Imports & Exports / Million Tons,Total Dry Cargo,3.165,4/1/2026
Total Imports & Exports / Million Tons,Total Liquid Cargo,1.314,4/1/2026
Total Imports & Exports / Million Tons,Total Cargo,4.479,4/1/2026
Total TEU(s) in Millions,Imports,0.111,4/1/2026
Total TEU(s) in Millions,Exports,0.1,4/1/2026
Imports / Million Tons,Bulk Cargo,0.126,5/1/2026
Imports / Million Tons,General Cargo,1.676,5/1/2026
Imports / Million Tons,Total Dry Cargo,1.802,5/1/2026
Imports / Million Tons,Total Liquid Cargo,0.818,5/1/2026
Imports / Million Tons,Total Cargo,2.62,5/1/2026
Exports / Million Tons,Bulk Cargo,0.532,5/1/2026
Exports / Million Tons,General Cargo,0.896,5/1/2026
Exports / Million Tons,Total Dry Cargo,1.429,5/1/2026
Exports / Million Tons,Total Liquid Cargo,0.13,5/1/2026
Exports / Million Tons,Total Cargo,1.558,5/1/2026
Total Imports & Exports / Million Tons,Bulk Cargo,0.659,5/1/2026
Total Imports & Exports / Million Tons,General Cargo,2.572,5/1/2026
Total Imports & Exports / Million Tons,Total Dry Cargo,3.231,5/1/2026
Total Imports & Exports / Million Tons,Total Liquid Cargo,0.948,5/1/2026
Total Imports & Exports / Million Tons,Total Cargo,4.178,5/1/2026
Total TEU(s) in Millions,Imports,0.12,5/1/2026
Total TEU(s) in Millions,Exports,0.104,5/1/2026
Imports / Million Tons,Bulk Cargo,0.258,6/26/2026
Imports / Million Tons,General Cargo,2.005,6/26/2026
Imports / Million Tons,Total Dry Cargo,2.263,6/26/2026
Imports / Million Tons,Total Liquid Cargo,0.883,6/26/2026
Imports / Million Tons,Total Cargo,3.146,6/26/2026
Exports / Million Tons,Bulk Cargo,0.625,6/26/2026
Exports / Million Tons,General Cargo,0.897,6/26/2026
Exports / Million Tons,Total Dry Cargo,1.522,6/26/2026
Exports / Million Tons,Total Liquid Cargo,0.081,6/26/2026
Exports / Million Tons,Total Cargo,1.603,6/26/2026
Total Imports & Exports / Million Tons,Bulk Cargo,0.883,6/26/2026
Total Imports & Exports / Million Tons,General Cargo,2.902,6/26/2026
Total Imports & Exports / Million Tons,Total Dry Cargo,3.785,6/26/2026
Total Imports & Exports / Million Tons,Total Liquid Cargo,0.964,6/26/2026
Total Imports & Exports / Million Tons,Total Cargo,4.749,6/26/2026
Total TEU(s) in Millions,Imports,0.125,6/26/2026
Total TEU(s) in Millions,Exports,0.106,6/26/2026
Imports / Million Tons,Bulk Cargo,0.079,7/1/2026
Imports / Million Tons,General Cargo,2.023,7/1/2026
Imports / Million Tons,Total Dry Cargo,2.102,7/1/2026
Imports / Million Tons,Total Liquid Cargo,0.921,7/1/2026
Imports / Million Tons,Total Cargo,3.023,7/1/2026
Exports / Million Tons,Bulk Cargo,0.682,7/1/2026
Exports / Million Tons,General Cargo,1.028,7/1/2026
Exports / Million Tons,Total Dry Cargo,1.711,7/1/2026
Exports / Million Tons,Total Liquid Cargo,0.164,7/1/2026
Exports / Million Tons,Total Cargo,1.875,7/1/2026
Total Imports & Exports / Million Tons,Bulk Cargo,0.762,7/1/2026
Total Imports & Exports / Million Tons,General Cargo,3.052,7/1/2026
Total Imports & Exports / Million Tons,Total Dry Cargo,3.813,7/1/2026
Total Imports & Exports / Million Tons,Total Liquid Cargo,1.085,7/1/2026
Total Imports & Exports / Million Tons,Total Cargo,4.899,7/1/2026
Total TEU(s) in Millions,Imports,0.132,7/1/2026
Total TEU(s) in Millions,Exports,0.122,7/1/2026
Imports / Million Tons,Bulk Cargo,0.227,8/1/2026
Imports / Million Tons,General Cargo,1.594,8/1/2026
Imports / Million Tons,Total Dry Cargo,1.82,8/1/2026
Imports / Million Tons,Total Liquid Cargo,1.096,8/1/2026
Imports / Million Tons,Total Cargo,2.916,8/1/2026
Exports / Million Tons,Bulk Cargo,0.582,8/1/2026
Exports / Million Tons,General Cargo,0.846,8/1/2026
Exports / Million Tons,Total Dry Cargo,1.428,8/1/2026
Exports / Million Tons,Total Liquid Cargo,0.11,8/1/2026
Exports / Million Tons,Total Cargo,1.538,8/1/2026
Total Imports & Exports / Million Tons,Bulk Cargo,0.809,8/1/2026
Total Imports & Exports / Million Tons,General Cargo,2.44,8/1/2026
Total Imports & Exports / Million Tons,Total Dry Cargo,3.249,8/1/2026
Total Imports & Exports / Million Tons,Total Liquid Cargo,1.206,8/1/2026
Total Imports & Exports / Million Tons,Total Cargo,4.455,8/1/2026
Total TEU(s) in Millions,Imports,0.106,8/1/2026
Total TEU(s) in Millions,Exports,0.099,8/1/2026
